run_accession	tissue/cell line	species
ERR489048	whole embryo	sheep
ERR489049	whole embryo	sheep
ERR489050	Hypothalamus	sheep
ERR489051	Hypothalamus	sheep
ERR489054	Pituitary gland	sheep
ERR489057	Pituitary gland	sheep
ERR489065	Cerebrum	sheep
ERR489066	Cerebrum	sheep
ERR489068	Cerebrum	sheep
ERR489069	Cerebrum	sheep
ERR489070	mammary gland	sheep
ERR489071	mammary gland	sheep
ERR489072	Ovarian follicles	sheep
ERR489073	Ovarian follicles	sheep
ERR489074	Ovary	sheep
ERR489075	Ovary	sheep
ERR489076	Peyer's patch	sheep
ERR489077	Peyer's patch	sheep
ERR489084	Rumen	sheep
ERR489085	Rumen	sheep
ERR489086	Omentum	sheep
ERR489087	Omentum	sheep
ERR489088	Caecum	sheep
ERR489090	Caecum	sheep
ERR489092	Colon	sheep
ERR489094	Colon	sheep
ERR489096	Rectum	sheep
ERR489097	Rectum	sheep
ERR489098	Uterus	sheep
ERR489099	Uterus	sheep
ERR489100	Cervix	sheep
ERR489101	Cervix	sheep
ERR489102	Thyroid gland	sheep
ERR489103	Thyroid gland	sheep
ERR489111	Lymph node prescapular	sheep
ERR489112	Lymph node prescapular	sheep
ERR489114	Lymph node prescapular	sheep
ERR489115	Lymph node prescapular	sheep
ERR489117	Muscle long dorsal	sheep
ERR489118	Muscle long dorsal	sheep
ERR489120	Muscle long dorsal	sheep
ERR489121	Muscle long dorsal	sheep
ERR489122	Muscle biceps	sheep
ERR489123	Muscle biceps	sheep
ERR489124	Muscle biceps	sheep
ERR489125	Muscle biceps	sheep
ERR489126	Muscle biceps	sheep
ERR489127	Muscle biceps	sheep
ERR489128	Adrenal Gland	sheep
ERR489129	Adrenal Gland	sheep
ERR489130	Skin back	sheep
ERR489131	Skin back	sheep
ERR489132	Spleen	sheep
ERR489133	Spleen	sheep
ERR489134	Mammary gland	sheep
ERR489135	Mammary gland	sheep
ERR489140	Ovary	sheep
ERR489141	Ovary	sheep
ERR489142	Pituitary	sheep
ERR489143	Pituitary	sheep
ERR489146	Cervix	sheep
ERR489147	Cervix	sheep
ERR489148	Cerebellum	sheep
ERR489150	Cerebellum	sheep
ERR489152	Peyer's patch	sheep
ERR489153	Peyer's patch	sheep
ERR489154	Abomasum	sheep
ERR489155	Abomasum	sheep
ERR489156	Abomasum	sheep
ERR489157	Abomasum	sheep
ERR489158	Abomasum	sheep
ERR489159	Abomasum	sheep
ERR489160	Rumen	sheep
ERR489161	Rumen	sheep
ERR489162	Rumen	sheep
ERR489163	Rumen	sheep
ERR489164	Rumen	sheep
ERR489165	Rumen	sheep
ERR489166	Omentum	sheep
ERR489167	Omentum	sheep
ERR489168	Colon	sheep
ERR489169	Colon	sheep
ERR489170	Colon	sheep
ERR489171	Colon	sheep
ERR489172	Colon	sheep
ERR489173	Colon	sheep
ERR489176	Rectum	sheep
ERR489179	Rectum	sheep
ERR489180	Uterus	sheep
ERR489181	Uterus	sheep
ERR489182	Thyroid gland	sheep
ERR489183	Thyroid gland	sheep
ERR489184	Lymph node mesenteric	sheep
ERR489186	Lymph node mesenteric	sheep
ERR489188	Muscle long dorsal	sheep
ERR489189	Muscle long dorsal	sheep
ERR489190	Muscle biceps	sheep
ERR489191	Muscle biceps	sheep
ERR489192	Skin side	sheep
ERR489193	Skin side	sheep
ERR489194	Adrenal gland	sheep
ERR489195	Adrenal gland	sheep
ERR489196	Alveolar macrophages	sheep
ERR489197	Alveolar macrophages	sheep
ERR489198	Hypothallamus	sheep
ERR489199	Hypothallamus	sheep
ERR489200	Pituitary gland	sheep
ERR489201	Pituitary gland	sheep
ERR489202	Abomasum mucosa	sheep
ERR489203	Abomasum mucosa	sheep
ERR489204	Rumen	sheep
ERR489205	Rumen	sheep
ERR489206	Duodenum	sheep
ERR489207	Duodenum	sheep
ERR489208	Omentum	sheep
ERR489209	Omentum	sheep
ERR489210	Caecum	sheep
ERR489211	Caecum	sheep
ERR489212	Colon	sheep
ERR489213	Colon	sheep
ERR489214	Rectum	sheep
ERR489215	Rectum	sheep
ERR489216	Brain cerebellum	sheep
ERR489217	Brain cerebellum	sheep
ERR489218	Brain cerebrum	sheep
ERR489219	Brain cerebrum	sheep
ERR489220	Brain stem	sheep
ERR489221	Brain stem	sheep
ERR489222	Testes	sheep
ERR489223	Testes	sheep
ERR489224	Testes epididymis	sheep
ERR489226	Testes epididymis	sheep
ERR489228	Lymph node mesenteric	sheep
ERR489229	Lymph node mesenteric	sheep
ERR489234	Adrenal gland	sheep
ERR489236	Adrenal gland	sheep
ERR489238	Thyroid gland	sheep
ERR489240	Thyroid gland	sheep
ERR489246	Muscle biceps	sheep
ERR489247	Muscle biceps	sheep
ERR489248	Skin back	sheep
ERR489249	Skin back	sheep
ERR489250	Spleen	sheep
ERR489251	Spleen	sheep
ERR489252	Alveolar macrophages	sheep
ERR489254	Alveolar macrophages	sheep
ERR489256	Tonsil	sheep
ERR489257	Tonsil	sheep
ERR489258	Ventricle	sheep
ERR489259	Ventricle	sheep
ERR489260	Kidney cortex	sheep
ERR489261	Kidney cortex	sheep
ERR489262	Kidney medulla	sheep
ERR489263	Kidney medulla	sheep
ERR489264	Liver	sheep
ERR489265	Liver	sheep
ERR489266	Lung	sheep
ERR489267	Lung	sheep
ERR489268	Heart vertricle	sheep
ERR489269	Heart vertricle	sheep
ERR489270	Kidney medulla	sheep
ERR489271	Kidney medulla	sheep
ERR489272	Liver	sheep
ERR489273	Liver	sheep
ERR489274	Lung	sheep
ERR489275	Lung	sheep
ERR489276	Ventricle	sheep
ERR489277	Ventricle	sheep
ERR489278	Kidney cortex	sheep
ERR489279	Kidney cortex	sheep
ERR489280	Kidney medulla	sheep
ERR489281	Kidney medulla	sheep
ERR489282	Lung	sheep
ERR489283	Lung	sheep
SRR2016819	rumen papillae - stomach	sheep
SRR2016820	rumen papillae - stomach	sheep
SRR4252313	conceptus - embryos	sheep
SRR4252314	conceptus - embryos	sheep
SRR4252315	conceptus - embryos	sheep
SRR4252316	conceptus - embryos	sheep
SRR4252317	conceptus - embryos	sheep
SRR4252318	conceptus - embryos	sheep
SRR4252319	conceptus - embryos	sheep
SRR4252320	conceptus - embryos	sheep
SRR4252321	conceptus - embryos	sheep
SRR4252322	conceptus - embryos	sheep
SRR4252323	conceptus - embryos	sheep
SRR4252324	conceptus - embryos	sheep
SRR4252325	conceptus - embryos	sheep
SRR4252326	conceptus - embryos	sheep
SRR4252327	conceptus - embryos	sheep
SRR4252328	conceptus - embryos	sheep
SRR4252329	conceptus - embryos	sheep
ERR2094189	ovary	sheep
ERR2094190	ovary	sheep
ERR2094191	ovary	sheep
ERR2094192	ovary	sheep
ERR2094193	ovary	sheep
ERR2094194	ovary	sheep
ERR2094195	ovary	sheep
ERR2094196	ovary	sheep
ERR2094197	ovary	sheep
ERR2094198	ovary	sheep
ERR2094199	ovary	sheep
ERR2094200	ovary	sheep
ERR2094201	ovary	sheep
ERR2094202	ovary	sheep
ERR2094203	ovary	sheep
ERR2094204	ovary	sheep
ERR2094205	ovary	sheep
ERR2094206	ovary	sheep
ERR2094207	ovary	sheep
ERR2094208	ovary	sheep
ERR2094209	ovary	sheep
ERR2094210	ovary	sheep
ERR2094211	ovary	sheep
ERR2094212	ovary	sheep
ERR2094213	ovary	sheep
ERR2094214	ovary	sheep
ERR2094215	ovary	sheep
ERR2094216	ovary	sheep
ERR2094217	ovary	sheep
ERR2094218	ovary	sheep
ERR2094219	ovary	sheep
ERR2094220	ovary	sheep
ERR2094221	ovary	sheep
ERR2094222	ovary	sheep
ERR2094223	ovary	sheep
ERR2094224	ovary	sheep
ERR2094225	ovary	sheep
ERR2094226	ovary	sheep
ERR2094227	ovary	sheep
ERR2683941	lung	sheep
ERR2683942	lung	sheep
ERR2683943	lung	sheep
ERR2683944	lung	sheep
ERR2683949	lung	sheep
ERR2683950	lung	sheep
ERR2683951	lung	sheep
ERR2683952	lung	sheep
SRR5190459	liver	sheep
SRR5190460	spleen	sheep
SRR5190461	liver	sheep
SRR5190462	spleen	sheep
SRR5190463	liver	sheep
SRR5190464	spleen	sheep
SRR5190486	spleen	sheep
SRR5190487	spleen	sheep
SRR5190488	spleen	sheep
SRR5190381	muscle	sheep
SRR5190382	lung	sheep
SRR5190383	heart	sheep
SRR5190384	muscle	sheep
SRR5190385	lung	sheep
SRR5190386	heart	sheep
SRR5190387	muscle	sheep
SRR5190388	lung	sheep
SRR5190389	heart	sheep
SRR5190417	muscle	sheep
SRR5190418	lung	sheep
SRR5190419	muscle	sheep
SRR5190420	lung	sheep
SRR5190421	muscle	sheep
SRR5190422	lung	sheep
SRR5190444	kidney	sheep
SRR5190445	kidney	sheep
SRR5190446	kidney	sheep
SRR3109711	heart	sheep
SRR3109712	heart	sheep
SRR3109713	heart	sheep
SRR3109714	liver	sheep
SRR3109715	liver	sheep
SRR3109716	liver	sheep
SRR3109717	kidney	sheep
SRR3109718	kidney	sheep
SRR3109719	kidney	sheep
SRR6651976	RAMBKW.3038-AND-C-Bentz.2016-1_2AMP	sheep
SRR6651978	RAMBKW.1167-CAR-E-Bentz.2016-1_2AMP	sheep
SRR6651979	RAMBKW.1018-CER-Bentz.2016-1_2AMP	sheep
SRR6651986	RAMBKW.5032-LNG-Bentz.2016-1_2AMP	sheep
SRR6651987	RAMBKW.7060-MAC-AL-Bentz.2016-1_2AMP	sheep
SRR6651988	RAMBKW.6060-MUS-BF-Bentz.2016-1_2AMP	sheep
SRR6651990	RAMBKW.6049-MUS-SM-Bentz.2016-1_2AMP	sheep
SRR6651991	RAMBKW.4055-OVY-Bentz.2016-1_2AMP	sheep
SRR6651992	RAMBKW.2017-RUM-A-Bentz.2016-1_2AMP	sheep
SRR7543054	RAMBKW.3047-AND-M-Bentz.2016-1_2AMP	sheep
SRR7543055	RAMBKW.2155-DCOL-Bentz.2016-1_1AMP	sheep
SRR7543056	RAMBKW.3005-GAL-Bentz.2016-1_1AMP	sheep
SRR7543057	RAMBKW.2091-JEJ-Bentz.2016-1_2AMP	sheep
SRR7543058	RAMBKW.4019-KID-M-Bentz.2016-1_2AMP	sheep
SRR7543059	RAMBKW.1125-LN-MAN-Bentz.2016-1_1AMP	sheep
SRR7543060	RAMBKW.2052-OMA-Bentz.2016-1_1AMP	sheep
SRR7543061	RAMBKW.OVI-4081-TRI-1_1AMP	sheep
SRR7543062	RAMBKW.1145-SKIN-H-Bentz.2016-1_1AMP	sheep
SRR7543063	RAMBKW.URT-4026-TRI-1_1AMP	sheep
SRR7612068	RAMBKW.1006-COR-Bentz.2016-1_3AMP	sheep
SRR7612069	RAMBKW.5157-DPM-Bentz.2016-1_2AMP	sheep
SRR7612070	RAMBKW.5044-HRT-LV-Bentz.2016-1_1AMP	sheep
SRR7612071	RAMBKW.4009-KID-C-Bentz.2016-1_3AMP	sheep
SRR7612072	RAMBKW.3019-LIV-Bentz.2016-1_3AMP	sheep
SRR7612073	RAMBKW.6005-MUS-LD-Bentz.2016-1_2AMP	sheep
SRR7612074	RAMBKW.6072-MUS-SS-Bentz.2016-1_1AMP	sheep
SRR7612075	RAMBKW.1201-TNG-Bentz.2016-1_2AMP	sheep
SRR7612076	RAMBKW.1162-TON-Bentz.2016-1_2AMP	sheep
SRR7612077	RAMBKW.4098-VAG-CVL-Bentz.2016-1_4AMP	sheep
SRR747865	skin	sheep
SRR765903	skin	sheep
SRR765908	skin	sheep
SRR765910	skin	sheep
SRR1013842	muscle	sheep
SRR1013845	muscle	sheep
SRR1013850	muscle	sheep
SRR1013855	muscle	sheep
SRR1013857	muscle	sheep
SRR1013871	muscle	sheep
SRR1013874	muscle	sheep
SRR1013877	muscle	sheep
SRR1013879	muscle	sheep
SRR1013888	muscle	sheep
SRR1013898	muscle	sheep
SRR1013904	muscle	sheep
SRR1265849	blood	sheep
SRR1265854	blood	sheep
SRR1265855	blood	sheep
SRR1265856	blood	sheep
ERR2094189	ovary	sheep
ERR2094190	ovary	sheep
ERR2094191	ovary	sheep
ERR2094192	ovary	sheep
ERR2094193	ovary	sheep
ERR2094194	ovary	sheep
ERR2094195	ovary	sheep
ERR2094196	ovary	sheep
ERR2094197	ovary	sheep
ERR2094198	ovary	sheep
ERR2094199	ovary	sheep
ERR2094200	ovary	sheep
ERR2094201	ovary	sheep
ERR2094202	ovary	sheep
ERR2094203	ovary	sheep
ERR2094204	ovary	sheep
ERR2094205	ovary	sheep
ERR2094206	ovary	sheep
ERR2094207	ovary	sheep
ERR2094208	ovary	sheep
ERR2094209	ovary	sheep
ERR2094210	ovary	sheep
ERR2094211	ovary	sheep
ERR2094212	ovary	sheep
ERR2094213	ovary	sheep
ERR2094214	ovary	sheep
ERR2094215	ovary	sheep
ERR2094216	ovary	sheep
ERR2094217	ovary	sheep
ERR2094218	ovary	sheep
ERR2094219	ovary	sheep
ERR2094220	ovary	sheep
ERR2094221	ovary	sheep
ERR2094222	ovary	sheep
ERR2094223	ovary	sheep
ERR2094224	ovary	sheep
ERR2094225	ovary	sheep
ERR2094226	ovary	sheep
ERR2094227	ovary	sheep
SRR594473	Brain - nervous system	cattle
SRR594474	Colon - intestine	cattle
SRR594475	Heart	cattle
SRR594476	Kidney	cattle
SRR594477	Liver	cattle
SRR594478	Lung	cattle
SRR594479	muscle	cattle
SRR594480	Spleen	cattle
SRR594481	Testes	cattle
SRR594482	Brain - nervous system	cattle
SRR594483	Colon - intestine	cattle
SRR594484	Heart	cattle
SRR594485	Kidney	cattle
SRR594486	Liver	cattle
SRR594487	Lung	cattle
SRR594488	muscle	cattle
SRR594489	Spleen	cattle
SRR594490	Testes	cattle
SRR594491	Brain - nervous system	cattle
SRR594492	Colon - intestine	cattle
SRR594493	Heart	cattle
SRR594494	Kidney	cattle
SRR594495	Liver	cattle
SRR594496	Lung	cattle
SRR594497	muscle	cattle
SRR594498	Spleen	cattle
SRR594499	Testes	cattle
SRR1449243	Liver	cattle
SRR1449244	Liver	cattle
SRR1449245	Liver	cattle
SRR1449246	Blck skin	cattle
SRR1449247	Blck skin	cattle
SRR1449248	Blck skin	cattle
SRR1449250	White skin	cattle
SRR1449251	White skin	cattle
SRR1449252	White skin	cattle
SRR1449253	Adrenal gland	cattle
SRR1449254	Adrenal gland	cattle
SRR1449255	Adrenal gland	cattle
SRR1449256	Brain caudallobe - nervous system	cattle
SRR1449257	Brain caudallobe - nervous system	cattle
SRR1449258	Brain caudallobe - nervous system	cattle
SRR1449259	Brain cerebellum - nervous system	cattle
SRR1449260	Brain cerebellum - nervous system	cattle
SRR1449261	Brain cerebellum - nervous system	cattle
SRR1449263	Heart	cattle
SRR1449264	Heart	cattle
SRR1449265	Heart	cattle
SRR1449266	Kidney	cattle
SRR1449267	Kidney	cattle
SRR1449268	Kidney	cattle
SRR1449269	Lung	cattle
SRR1449271	Lung	cattle
SRR1449272	Lung	cattle
SRR1449274	Intestinal lymph node	cattle
SRR1449275	Intestinal lymph node	cattle
SRR1449276	Intestinal lymph node	cattle
SRR1449277	Mammary	cattle
SRR1449278	Mammary	cattle
SRR1449280	Mammary	cattle
SRR1449281	Semimembranosusleg muscle	cattle
SRR1449282	Semimembranosusleg muscle	cattle
SRR1449283	Semimembranosusleg muscle	cattle
SRR1449284	Ovary	cattle
SRR1449285	Ovary	cattle
SRR1449286	Ovary	cattle
SRR1449287	Spleen	cattle
SRR1449288	Spleen	cattle
SRR1449289	Spleen	cattle
SRR1449291	Thymus	cattle
SRR1449292	Thymus	cattle
SRR1449293	Thymus	cattle
SRR1449294	Thyroid	cattle
SRR1449295	Thyroid	cattle
SRR1449296	Thyroid	cattle
SRR1449297	Tongue	cattle
SRR1449298	Tongue	cattle
SRR1449299	Tongue	cattle
SRR1449300	Blood	cattle
SRR1449301	Blood	cattle
SRR1449302	Blood	cattle
SRR1920189	rectal - intestine	cattle
SRR1920190	rectal - intestine	cattle
SRR1920191	rectal - intestine	cattle
SRR1920192	rectal - intestine	cattle
SRR2226603	Jejunum - intestine	cattle
SRR2226604	Jejunum - intestine	cattle
SRR2226605	Jejunum - intestine	cattle
SRR2226606	Ileum - intestine	cattle
SRR2226607	Ileum - intestine	cattle
SRR2226608	Ileum - intestine	cattle
SRR2226609	Spleen	cattle
SRR2226610	Spleen	cattle
SRR2226611	Spleen	cattle
SRR2226612	Semitendinosus (eye of round) - muscle	cattle
SRR2226613	Semitendinosus (eye of round) - muscle	cattle
SRR2226614	Semitendinosus (eye of round) - muscle	cattle
SRR2226615	Rib Eye Muscle	cattle
SRR2226616	Rib Eye Muscle	cattle
SRR2226617	Rib Eye Muscle	cattle
SRR2226618	Infundibulum CON - nervous system	cattle
SRR2226619	Infundibulum CON - nervous system	cattle
SRR2226620	Infundibulum CON - nervous system	cattle
SRR2226621	Ampula IPS - stem cells	cattle
SRR2226622	Ampula IPS - stem cells	cattle
SRR2226623	Ampula IPS - stem cells	cattle
SRR2226624	Endometrium CAR CON	cattle
SRR2226625	Endometrium CAR CON	cattle
SRR2226626	Endometrium CAR CON	cattle
SRR2226627	Endometrium CAR IPS - stem cells	cattle
SRR2226628	Endometrium CAR IPS - stem cells	cattle
SRR2226629	Endometrium CAR IPS - stem cells	cattle
SRR2226630	Gall Bladder	cattle
SRR2226631	Gall Bladder	cattle
SRR2226632	Gall Bladder	cattle
SRR2226633	Liver	cattle
SRR2226634	Liver	cattle
SRR2226635	Liver	cattle
SRR2226636	Heart	cattle
SRR2226637	Heart	cattle
SRR2226638	Heart	cattle
SRR2226639	Kidney Medulla	cattle
SRR2226640	Kidney Medulla	cattle
SRR2226641	Kidney Medulla	cattle
SRR2226642	Pons - nervous system	cattle
SRR2226643	Pons - nervous system	cattle
SRR2226644	Pons - nervous system	cattle
SRR2226645	Cerebral cortex - nervous system	cattle
SRR2226646	Cerebral cortex - nervous system	cattle
SRR2226647	Cerebral cortex - nervous system	cattle
SRR2226648	Lymph Nodes	cattle
SRR2226649	Lymph Nodes	cattle
SRR2226650	Lymph Nodes	cattle
SRR3170536	Pituitary	cattle
SRR3173876	Pituitary	cattle
SRR3173877	Pituitary	cattle
SRR3175103	Pituitary	cattle
SRR3175104	Pituitary	cattle
SRR3175126	Pituitary	cattle
SRR3175127	Pituitary	cattle
SRR3175129	Pituitary	cattle
SRR3175133	Pituitary	cattle
SRR3175135	Pituitary	cattle
SRR3175136	Pituitary	cattle
SRR3175137	Pituitary	cattle
SRR3176168	Pituitary	cattle
SRR3176169	Pituitary	cattle
SRR3176170	Pituitary	cattle
SRR3176171	Liver	cattle
SRR3176228	Liver	cattle
SRR3176229	Liver	cattle
SRR3176230	Liver	cattle
SRR3176231	Pituitary	cattle
SRR3176232	Liver	cattle
SRR3176233	Liver	cattle
SRR3176234	Liver	cattle
SRR3176235	Liver	cattle
SRR3176236	Liver	cattle
SRR3176237	Liver	cattle
SRR3176239	Pituitary	cattle
SRR3176240	Liver	cattle
SRR3176241	Liver	cattle
SRR3176242	Pituitary	cattle
SRR3176249	Liver	cattle
SRR3176250	Liver	cattle
SRR3180682	Liver	cattle
SRR3180685	Liver	cattle
SRR3180686	Liver	cattle
SRR4451715	Liver	cattle
ERR1474551	skin	cattle
ERR1474552	skin	cattle
ERR1474553	skin	cattle
ERR1474554	skin	cattle
ERR1474555	skin	cattle
ERR1474556	skin	cattle
ERR1474557	skin	cattle
SRR1616611	alveolar macrophages	cattle
SRR1616612	alveolar macrophages	cattle
SRR1616613	alveolar macrophages	cattle
SRR1616614	alveolar macrophages	cattle
SRR1616619	alveolar macrophages	cattle
SRR1616620	alveolar macrophages	cattle
SRR1616621	alveolar macrophages	cattle
SRR1616622	alveolar macrophages	cattle
SRR1616627	alveolar macrophages	cattle
SRR1616628	alveolar macrophages	cattle
SRR1616629	alveolar macrophages	cattle
SRR1616630	alveolar macrophages	cattle
SRR1616635	alveolar macrophages	cattle
SRR1616636	alveolar macrophages	cattle
SRR1616637	alveolar macrophages	cattle
SRR1616638	alveolar macrophages	cattle
SRR1616643	alveolar macrophages	cattle
SRR1616644	alveolar macrophages	cattle
SRR1616645	alveolar macrophages	cattle
SRR1616646	alveolar macrophages	cattle
SRR1616651	alveolar macrophages	cattle
SRR1616652	alveolar macrophages	cattle
SRR1616653	alveolar macrophages	cattle
SRR1616654	alveolar macrophages	cattle
SRR1616659	alveolar macrophages	cattle
SRR1616660	alveolar macrophages	cattle
SRR1616661	alveolar macrophages	cattle
SRR1616665	alveolar macrophages	cattle
SRR1616666	alveolar macrophages	cattle
SRR1616667	alveolar macrophages	cattle
SRR1616668	alveolar macrophages	cattle
SRR1616673	alveolar macrophages	cattle
SRR1616674	alveolar macrophages	cattle
SRR1616675	alveolar macrophages	cattle
SRR1616676	alveolar macrophages	cattle
SRR1616681	alveolar macrophages	cattle
SRR1616682	alveolar macrophages	cattle
SRR1616683	alveolar macrophages	cattle
SRR1616684	alveolar macrophages	cattle
SRR3050071	blood	cattle
SRR3080890	blood	cattle
SRR3080891	milk	cattle
SRR3080892	milk	cattle
SRR3081139	blood	cattle
SRR3081145	blood	cattle
SRR3081157	milk	cattle
SRR3081160	milk	cattle
SRR3081171	blood	cattle
SRR3081175	milk	cattle
SRR3081180	milk	cattle
SRR4408779	milk	cattle
SRR4408780	milk	cattle
SRR4408781	milk	cattle
SRR4408782	milk	cattle
SRR4408783	milk	cattle
SRR4408784	milk	cattle
SRR4408785	milk	cattle
SRR4408786	milk	cattle
SRR4408787	milk	cattle
SRR4408788	milk	cattle
SRR4408789	milk	cattle
SRR4408790	blood	cattle
SRR4408791	blood	cattle
SRR4408792	milk	cattle
SRR4408793	blood	cattle
SRR4408794	blood	cattle
SRR4408795	blood	cattle
SRR4408796	blood	cattle
SRR4408797	blood	cattle
SRR4408798	blood	cattle
SRR4408799	blood	cattle
SRR4408800	blood	cattle
SRR4408801	blood	cattle
SRR4408802	blood	cattle
SRR4408803	milk	cattle
SRR4408804	blood	cattle
SRR4408805	blood	cattle
SRR4408806	blood	cattle
SRR4408807	blood	cattle
SRR4408808	blood	cattle
SRR4408809	blood	cattle
SRR4408810	blood	cattle
SRR4408811	blood	cattle
SRR4408812	blood	cattle
SRR4408813	blood	cattle
SRR4408814	blood	cattle
SRR4408815	blood	cattle
SRR4408816	blood	cattle
SRR4408817	blood	cattle
SRR4408818	blood	cattle
SRR4408819	blood	cattle
SRR4408820	blood	cattle
SRR4408821	blood	cattle
SRR4408822	blood	cattle
SRR4408823	blood	cattle
SRR4408824	blood	cattle
SRR4408825	milk	cattle
SRR4408826	blood	cattle
SRR4408827	blood	cattle
SRR4408828	blood	cattle
SRR4408829	blood	cattle
SRR4408830	blood	cattle
SRR4408831	blood	cattle
SRR4408832	blood	cattle
SRR4408833	blood	cattle
SRR4408834	blood	cattle
SRR4408836	milk	cattle
SRR4408837	blood	cattle
SRR4408838	blood	cattle
SRR4408839	blood	cattle
SRR4408840	blood	cattle
SRR4408841	blood	cattle
SRR4408842	blood	cattle
SRR4408843	blood	cattle
SRR4408844	blood	cattle
SRR4408845	blood	cattle
SRR4408846	blood	cattle
SRR4408847	milk	cattle
SRR4408848	blood	cattle
SRR4408849	blood	cattle
SRR4408850	blood	cattle
SRR4408851	blood	cattle
SRR4408852	blood	cattle
SRR4408853	blood	cattle
SRR4408854	blood	cattle
SRR4408855	blood	cattle
SRR4408856	blood	cattle
SRR4408857	blood	cattle
SRR4408858	milk	cattle
SRR4408859	blood	cattle
SRR4408860	blood	cattle
SRR4408861	blood	cattle
SRR4408862	blood	cattle
SRR4408863	blood	cattle
SRR4408864	blood	cattle
SRR4408865	blood	cattle
SRR4408866	blood	cattle
SRR4408867	blood	cattle
SRR4408868	blood	cattle
SRR4408869	milk	cattle
SRR4408870	blood	cattle
SRR4408871	blood	cattle
SRR4408872	blood	cattle
SRR4408873	blood	cattle
SRR4408874	blood	cattle
SRR4408875	blood	cattle
SRR4408876	blood	cattle
SRR4408877	blood	cattle
SRR4408878	blood	cattle
SRR4408879	blood	cattle
SRR4408880	milk	cattle
SRR4408881	blood	cattle
SRR4408882	blood	cattle
SRR4408883	blood	cattle
SRR4408884	blood	cattle
SRR4408885	blood	cattle
SRR4408886	blood	cattle
SRR4408887	blood	cattle
SRR4408888	blood	cattle
SRR4408889	blood	cattle
SRR4408890	blood	cattle
SRR4408891	milk	cattle
SRR4408892	milk	cattle
SRR4408893	blood	cattle
SRR4408894	blood	cattle
SRR4408895	blood	cattle
SRR4408896	blood	cattle
SRR4408897	blood	cattle
SRR4408898	blood	cattle
SRR4408899	blood	cattle
SRR4408900	blood	cattle
SRR4408901	blood	cattle
SRR4408902	blood	cattle
SRR4408903	milk	cattle
SRR4408904	blood	cattle
SRR4408905	blood	cattle
SRR4408906	blood	cattle
SRR4408907	blood	cattle
SRR4408908	blood	cattle
SRR4408909	blood	cattle
SRR4408910	blood	cattle
SRR4408911	milk	cattle
SRR4408912	milk	cattle
SRR4408913	milk	cattle
SRR4408914	milk	cattle
SRR4408915	milk	cattle
SRR4408916	milk	cattle
SRR4408917	milk	cattle
SRR4408918	milk	cattle
SRR4408919	milk	cattle
SRR4408920	milk	cattle
SRR4408921	milk	cattle
SRR4408922	milk	cattle
SRR4408923	milk	cattle
SRR4408924	milk	cattle
SRR4408925	milk	cattle
SRR4408926	milk	cattle
SRR4408927	milk	cattle
SRR4408928	milk	cattle
SRR4408929	milk	cattle
SRR4408930	milk	cattle
SRR4408931	milk	cattle
SRR4408932	milk	cattle
SRR4408933	milk	cattle
SRR4408934	milk	cattle
SRR4408935	milk	cattle
SRR4408936	milk	cattle
SRR4408937	milk	cattle
SRR4408938	milk	cattle
SRR4408939	milk	cattle
SRR4408940	milk	cattle
SRR4408941	milk	cattle
SRR4408942	milk	cattle
SRR4408943	milk	cattle
SRR4408944	blood	cattle
SRR4408945	milk	cattle
SRR4408946	blood	cattle
SRR4408947	milk	cattle
SRR4408948	milk	cattle
SRR4408949	blood	cattle
SRR4408950	milk	cattle
SRR4408951	blood	cattle
SRR4408952	milk	cattle
SRR4408953	milk	cattle
SRR4408954	milk	cattle
SRR4408955	milk	cattle
SRR4408956	milk	cattle
SRR4408957	milk	cattle
SRR4408958	milk	cattle
SRR4408959	milk	cattle
SRR4408960	milk	cattle
SRR4408961	milk	cattle
SRR4408962	milk	cattle
SRR4408963	milk	cattle
SRR4408964	milk	cattle
SRR4408965	milk	cattle
SRR4408966	milk	cattle
SRR4408967	milk	cattle
SRR4408968	milk	cattle
SRR4408969	milk	cattle
SRR4408970	milk	cattle
SRR4408971	milk	cattle
SRR4408972	milk	cattle
SRR4408973	milk	cattle
SRR4408974	milk	cattle
SRR4408975	milk	cattle
SRR4408976	milk	cattle
SRR4408977	milk	cattle
SRR4408978	milk	cattle
SRR4408979	milk	cattle
SRR4408980	milk	cattle
SRR4408981	milk	cattle
SRR4408982	milk	cattle
SRR4408983	milk	cattle
SRR4408984	milk	cattle
SRR4408985	milk	cattle
SRR4408986	milk	cattle
SRR4408987	milk	cattle
SRR4408988	milk	cattle
SRR4408989	milk	cattle
SRR4408990	milk	cattle
SRR4408991	milk	cattle
SRR4408992	milk	cattle
SRR4408993	milk	cattle
SRR4408994	milk	cattle
SRR4408995	milk	cattle
SRR4408996	milk	cattle
SRR4408997	milk	cattle
SRR4408998	milk	cattle
SRR4408999	milk	cattle
SRR4409000	milk	cattle
SRR4409001	milk	cattle
SRR4409002	milk	cattle
SRR4409003	milk	cattle
SRR4409004	milk	cattle
SRR4409005	milk	cattle
SRR4409006	milk	cattle
SRR4409007	milk	cattle
SRR4409008	milk	cattle
SRR4409009	milk	cattle
SRR4409010	milk	cattle
SRR4409011	milk	cattle
SRR4409012	milk	cattle
SRR4409013	milk	cattle
SRR4409014	milk	cattle
SRR4409015	milk	cattle
SRR4409016	milk	cattle
SRR4409017	milk	cattle
SRR4409018	milk	cattle
SRR4409019	milk	cattle
SRR4409020	milk	cattle
SRR4409021	milk	cattle
SRR4409022	milk	cattle
SRR4409023	milk	cattle
SRR4409024	milk	cattle
SRR4409025	milk	cattle
SRR4409026	milk	cattle
SRR4409027	milk	cattle
SRR4409028	milk	cattle
SRR4409029	milk	cattle
SRR4409030	milk	cattle
SRR4409031	milk	cattle
SRR4409032	milk	cattle
SRR4409033	milk	cattle
ERR2664177	liver	cattle
ERR2664178	liver	cattle
ERR2664179	liver	cattle
ERR2664181	liver	cattle
ERR2664182	liver	cattle
ERR2664183	liver	cattle
ERR2664184	liver	cattle
ERR2664185	liver	cattle
ERR2664211	liver	cattle
ERR2664212	liver	cattle
ERR2664213	liver	cattle
SRR3109702	heart	cattle
SRR3109703	heart	cattle
SRR3109704	heart	cattle
SRR3109705	liver	cattle
SRR3109706	liver	cattle
SRR3109707	liver	cattle
SRR3109708	kidney	cattle
SRR3109709	kidney	cattle
SRR3109710	kidney	cattle
SRR5190375	muscle	cattle
SRR5190376	lung	cattle
SRR5190377	muscle	cattle
SRR5190378	lung	cattle
SRR5190379	muscle	cattle
SRR5190380	lung	cattle
SRR5190450	spleen	cattle
SRR5190451	spleen	cattle
SRR5190452	spleen	cattle
SRR3403812	brainstem - nervous system	horse
SRR3403813	brainstem - nervous system	horse
SRR3403814	spinal cord - nervous system	horse
SRR3403815	spinal cord - nervous system	horse
SRR3403816	spinal cord - nervous system	horse
SRR3403817	spinal cord - nervous system	horse
SRR3403818	spinal cord - nervous system	horse
SRR3403819	spinal cord - nervous system	horse
SRR3403821	spinal cord - nervous system	horse
SRR3403822	spinal cord - nervous system	horse
SRR3403823	brainstem - nervous system	horse
SRR3403824	brainstem - nervous system	horse
SRR3403825	brainstem - nervous system	horse
SRR3403826	brainstem - nervous system	horse
SRR3403827	brainstem - nervous system	horse
SRR3403828	brainstem - nervous system	horse
SRR3403829	spinal cord - nervous system	horse
SRR3403830	spinal cord - nervous system	horse
SRR4041957	cerebellum - nervous system	horse
SRR4041958	cerebellum - nervous system	horse
SRR4041959	cerebellum - nervous system	horse
SRR4041960	cerebellum - nervous system	horse
SRR4041961	cerebellum - nervous system	horse
SRR4041962	cerebellum - nervous system	horse
SRR4041963	cerebellum - nervous system	horse
SRR4041964	cerebellum - nervous system	horse
SRR4041965	cerebellum - nervous system	horse
SRR4041966	cerebellum - nervous system	horse
SRR4041967	cerebellum - nervous system	horse
SRR4041968	cerebellum - nervous system	horse
SRR4039461	muscle	horse
SRR4039462	muscle	horse
SRR4039465	muscle	horse
SRR4039466	muscle	horse
SRR4039467	muscle	horse
SRR4039468	muscle	horse
SRR4039469	muscle	horse
SRR4039470	muscle	horse
SRR4039471	muscle	horse
SRR4039472	muscle	horse
SRR4039473	muscle	horse
SRR4039474	muscle	horse
SRR2567547	oviduct	horse
SRR2567548	oviduct	horse
SRR2567549	oviduct	horse
SRR2567550	oviduct	horse
SRR2567551	oviduct	horse
SRR2567552	oviduct	horse
SRR2567553	oviduct	horse
SRR2567554	oviduct	horse
SRR2567555	oviduct	horse
SRR2567556	oviduct	horse
SRR2567557	oviduct	horse
SRR2567558	oviduct	horse
SRR2567559	oviduct	horse
SRR2567560	oviduct	horse
SRR2567561	oviduct	horse
SRR2567562	oviduct	horse
SRR2567563	oviduct	horse
SRR2567564	oviduct	horse
SRR2567565	oviduct	horse
SRR2567566	oviduct	horse
ERR2299330	bone marrow-derived macrophages	horse
ERR2299331	bone marrow-derived macrophages	horse
ERR2299332	bone marrow-derived macrophages	horse
ERR2299333	bone marrow-derived macrophages	horse
ERR2299334	bone marrow-derived macrophages	horse
ERR2299335	bone marrow-derived macrophages	horse
ERR2299336	bone marrow-derived macrophages	horse
ERR2299344	bone marrow-derived macrophages	horse
ERR2299345	bone marrow-derived macrophages	horse
ERR2299346	bone marrow-derived macrophages	horse
ERR2299347	bone marrow-derived macrophages	horse
ERR2299348	bone marrow-derived macrophages	horse
ERR2299349	bone marrow-derived macrophages	horse
ERR2299350	bone marrow-derived macrophages	horse
ERR2299358	bone marrow-derived macrophages	horse
ERR2299359	bone marrow-derived macrophages	horse
ERR2299360	bone marrow-derived macrophages	horse
ERR2299361	bone marrow-derived macrophages	horse
ERR2299362	bone marrow-derived macrophages	horse
ERR2299363	bone marrow-derived macrophages	horse
ERR2299364	bone marrow-derived macrophages	horse
ERR1104677	hippocampus - nervous system	pig
ERR1104678	hippocampus - nervous system	pig
ERR1104679	hippocampus - nervous system	pig
ERR1104680	hippocampus - nervous system	pig
ERR1104681	hippocampus - nervous system	pig
ERR777781	skeletal muscle	pig
ERR777782	skeletal muscle	pig
ERR777784	skeletal muscle	pig
ERR789427	fat	pig
ERR789428	heart	pig
ERR789429	kidney	pig
ERR789430	liver	pig
ERR789431	lung	pig
ERR789432	lymph node	pig
ERR789433	muscle	pig
ERR789434	spleen	pig
ERR789435	fat	pig
ERR789436	heart	pig
ERR789437	kidney	pig
ERR789438	liver	pig
ERR789439	lung	pig
ERR789440	lymph node	pig
ERR789441	muscle	pig
ERR789442	spleen	pig
ERR789443	fat	pig
ERR789444	heart	pig
ERR789445	kidney	pig
ERR789446	liver	pig
ERR789447	lung	pig
ERR789448	lymph node	pig
ERR789449	muscle	pig
ERR789450	spleen	pig
ERR972387	spleen	pig
ERR972388	liver	pig
ERR972389	muscle	pig
SRR2148913	forebrain - nervous system	pig
SRR2148914	brain cortex - nervous system	pig
SRR2148915	brain cortex - nervous system	pig
SRR2148916	brain cortex - nervous system	pig
SRR2148917	brain cortex - nervous system	pig
SRR2148918	brain cortex - nervous system	pig
SRR2148919	basal ganglia - nervous system	pig
SRR2148920	basal ganglia - nervous system	pig
SRR2148921	brainstem - nervous system	pig
SRR2148922	brainstem - nervous system	pig
SRR2148923	brain cerebellum - nervous system	pig
SRR2148924	brain cerebellum - nervous system	pig
SRR2148925	hippocampus - nervous system	pig
SRR2148926	hippocampus - nervous system	pig
SRR3159988	heart	pig
SRR3159989	liver	pig
SRR3159990	spleen	pig
SRR3159991	lung	pig
SRR3159992	kidney	pig
SRR3159993	psoas major muscle	pig
SRR3159994	longissimus dorsi muscle	pig
SRR3159995	subcutaneous adipose	pig
SRR3159996	ovary	pig
SRR3159997	mixtures	pig
SRR3159998	heart	pig
SRR3159999	liver	pig
SRR3160000	spleen	pig
SRR3160001	lung	pig
SRR3160002	kidney	pig
SRR3160003	psoas major muscle	pig
SRR3160004	longissimus dorsi muscle	pig
SRR3160005	ubcutaneous adipose	pig
SRR3160006	ovary	pig
SRR3160007	mixtures	pig
SRR3160008	heart	pig
SRR3160009	liver	pig
SRR3160010	spleen	pig
SRR3160011	lung	pig
SRR3160012	kidney	pig
SRR3160013	psoas major muscle	pig
SRR3160014	longissimus dorsi muscle	pig
SRR3160015	subcutaneous adipose	pig
SRR3160016	ovary	pig
SRR3160017	mixtures	pig
SRR3160018	heart	pig
SRR3160019	liver	pig
SRR3160020	spleen	pig
SRR3160021	lung	pig
SRR3160022	kidney	pig
SRR3160023	psoas major muscle	pig
SRR3160024	ongissimus dorsi muscle	pig
SRR3160025	subcutaneous adipose	pig
SRR3160026	ovary	pig
SRR3160027	mixtures	pig
SRR3160028	heart	pig
SRR3160029	liver	pig
SRR3160030	spleen	pig
SRR3160031	lung	pig
SRR3160032	kidney	pig
SRR3160033	psoas major muscle	pig
SRR3160034	longissimus dorsi muscle	pig
SRR3160035	subcutaneous adipose	pig
SRR3160036	ovary	pig
SRR3160037	mixtures	pig
SRR3160038	heart	pig
SRR3160039	liver	pig
SRR3160040	spleen	pig
SRR3160041	lung	pig
SRR3160042	kidney	pig
SRR3160043	psoas major muscle	pig
SRR3160044	longissimus dorsi muscle	pig
SRR3160045	subcutaneous adipose	pig
SRR3160046	ovary	pig
SRR3160047	mixtures	pig
SRR3160048	heart	pig
SRR3160049	liver	pig
SRR3160050	spleen	pig
SRR3160051	lung	pig
SRR3160052	kidney	pig
SRR3160053	psoas major muscle	pig
SRR3160054	longissimus dorsi muscle	pig
SRR3160055	subcutaneous adipose	pig
SRR3160056	ovary	pig
SRR3160057	mixtures	pig
SRR3160058	heart	pig
SRR3160059	liver	pig
SRR3160060	spleen	pig
SRR3160061	lung	pig
SRR3160062	kidney	pig
SRR3160063	psoas major muscle	pig
SRR3160064	longissimus dorsi muscle	pig
SRR3160065	subcutaneous adipose	pig
SRR3160066	ovary	pig
SRR3160067	mixtures	pig
SRR3160068	heart	pig
SRR3160069	liver	pig
SRR3160070	spleen	pig
SRR3160071	kidney	pig
SRR3160072	psoas major muscle	pig
SRR3160073	longissimus dorsi muscle	pig
SRR3160074	subcutaneous adipose	pig
SRR3160075	ovary	pig
SRR3160076	mixtures	pig
SRR3160077	spleen	pig
SRR3160078	longissimus dorsi muscle	pig
SRR3160079	psoas major muscle	pig
SRR4412566	mesenchymal stromal/stem cells	pig
SRR4412567	mesenchymal stromal/stem cells	pig
SRR4412568	mesenchymal stromal/stem cells	pig
SRR4412569	mesenchymal stromal/stem cells	pig
SRR4412570	mesenchymal stromal/stem cells	pig
SRR4412571	mesenchymal stromal/stem cells	pig
SRR5190390	muscle	pig
SRR5190391	muscle	pig
SRR5190392	heart	pig
SRR5190393	lung	pig
SRR5190394	heart	pig
SRR5190395	lung	pig
SRR5190396	muscle	pig
SRR5190397	heart	pig
SRR5190398	lung	pig
SRR5190408	heart	pig
SRR5190409	lung	pig
SRR5190410	muscle	pig
SRR5190411	heart	pig
SRR5190412	lung	pig
SRR5190413	muscle	pig
SRR5190414	heart	pig
SRR5190415	lung	pig
SRR5190416	muscle	pig
SRR5190447	kidney	pig
SRR5190448	kidney	pig
SRR5190449	kidney	pig
SRR5190465	liver	pig
SRR5190466	spleen	pig
SRR5190467	liver	pig
SRR5190468	spleen	pig
SRR5190469	liver	pig
SRR5190470	spleen	pig
SRR5190477	liver	pig
SRR5190478	spleen	pig
SRR5190479	liver	pig
SRR5190480	spleen	pig
SRR5190481	liver	pig
SRR5190482	spleen	pig
SRR5190504	kidney	pig
SRR5190505	kidney	pig
SRR5190506	kidney	pig
ERR2664199	liver	pig
ERR2664200	liver	pig
ERR2664201	liver	pig
ERR2664202	liver	pig
ERR2664186	liver	pig
ERR2664187	liver	pig
ERR2664188	liver	pig
ERR2664189	liver	pig
ERR2664191	liver	pig
ERR2664193	liver	pig
ERR2664195	liver	pig
SRR2168283	ovary	pig
SRR2168284	ovary	pig
SRR2634171	peripheral blood mononuclear cells	pig
SRR2640162	peripheral blood mononuclear cells	pig
SRR2640267	peripheral blood mononuclear cells	pig
SRR2642730	peripheral blood mononuclear cells	pig
SRR2642731	peripheral blood mononuclear cells	pig
SRR2642732	peripheral blood mononuclear cells	pig
ERR1331666	liver	pig
ERR1331726	liver	pig
ERR1331727	liver	pig
ERR1815469	liver	pig
ERR1815470	spleen	pig
ERR1815471	testis	pig
ERR1815472	brain frontal lobe	pig
ERR1815473	liver	pig
ERR1815474	spleen	pig
ERR1815475	testis	pig
ERR1815476	muscle	pig
ERR1815477	brain frontal lobe	pig
ERR1815478	muscle	pig
ERR1815479	liver	pig
ERR1815480	spleen	pig
ERR1815481	testis	pig
ERR1815482	brain frontal lobe	pig
ERR1815483	muscle	pig
ERR1815484	olfactory lobe	pig
ERR1815485	lung	pig
ERR1815486	lymphe node	pig
SRR3745807	 Breast Muscle	chicken
SRR3745807	 Breast Muscle	chicken
SRR3745809	 Breast Muscle	chicken
SRR3745809	 Breast Muscle	chicken
SRR3745808	 Breast Muscle	chicken
SRR594500	Brain - nervous system	chicken
SRR594501	Colon - intestine	chicken
SRR594502	Heart	chicken
SRR594503	Kidney	chicken
SRR594504	Liver	chicken
SRR594505	Lung	chicken
SRR594506	muscle	chicken
SRR594507	Spleen	chicken
SRR594508	Testis	chicken
SRR594509	Brain - nervous system	chicken
SRR594510	Colon - intestine	chicken
SRR594511	Heart	chicken
SRR594512	Kidney	chicken
SRR594513	Liver	chicken
SRR594514	Lung	chicken
SRR594515	muscle	chicken
SRR594516	Spleen	chicken
SRR594517	Testis	chicken
SRR594518	Brain - nervous system	chicken
SRR594519	Colon - intestine	chicken
SRR594520	Heart	chicken
SRR594521	Kidney	chicken
SRR594522	Liver	chicken
SRR594523	Lung	chicken
SRR594524	muscle	chicken
SRR594525	Spleen	chicken
SRR594526	Testis	chicken
ERR1298505	Jline_Breast_Muscle_ATCACG_L006	chicken
ERR1298506	Jline_Breast_Muscle_ATTCAGAA-GGCTCTGA_L001	chicken
ERR1298507	Jline_Breast_Muscle_ATTCAGAA-GGCTCTGA_L002	chicken
ERR1298508	Jline_Breast_Muscle_ATTCAGAA-GGCTCTGA_L003	chicken
ERR1298509	Jline_Breast_Muscle_ATTCAGAA-GGCTCTGA_L004	chicken
ERR1298510	Jline_Breast_Muscle_ATTCAGAA-GGCTCTGA_L005	chicken
ERR1298511	Jline_Breast_Muscle_ATTCAGAA-GGCTCTGA_L006	chicken
ERR1298512	Jline_Breast_Muscle_ATTCAGAA-GGCTCTGA_L007	chicken
ERR1298513	Jline_Breast_Muscle_ATTCAGAA-GGCTCTGA_L008	chicken
ERR1298514	Jline_Bursa_GAATTCGT-GGCTCTGA_L001	chicken
ERR1298515	Jline_Bursa_GAATTCGT-GGCTCTGA_L002	chicken
ERR1298516	Jline_Bursa_GAATTCGT-GGCTCTGA_L003	chicken
ERR1298517	Jline_Bursa_GAATTCGT-GGCTCTGA_L004	chicken
ERR1298518	Jline_Bursa_GAATTCGT-GGCTCTGA_L005	chicken
ERR1298519	Jline_Bursa_GAATTCGT-GGCTCTGA_L006	chicken
ERR1298520	Jline_Bursa_GAATTCGT-GGCTCTGA_L007	chicken
ERR1298521	Jline_Bursa_GAATTCGT-GGCTCTGA_L008	chicken
ERR1298522	Jline_Caecal_Tonsil_CTGAAGCT-GGCTCTGA_L001	chicken
ERR1298523	Jline_Caecal_Tonsil_CTGAAGCT-GGCTCTGA_L002	chicken
ERR1298524	Jline_Caecal_Tonsil_CTGAAGCT-GGCTCTGA_L003	chicken
ERR1298525	Jline_Caecal_Tonsil_CTGAAGCT-GGCTCTGA_L004	chicken
ERR1298526	Jline_Caecal_Tonsil_CTGAAGCT-GGCTCTGA_L005	chicken
ERR1298527	Jline_Caecal_Tonsil_CTGAAGCT-GGCTCTGA_L006	chicken
ERR1298528	Jline_Caecal_Tonsil_CTGAAGCT-GGCTCTGA_L007	chicken
ERR1298529	Jline_Caecal_Tonsil_CTGAAGCT-GGCTCTGA_L008	chicken
ERR1298530	Jline_Cerebellum_TAATGCGC-GGCTCTGA_L001	chicken
ERR1298531	Jline_Cerebellum_TAATGCGC-GGCTCTGA_L002	chicken
ERR1298532	Jline_Cerebellum_TAATGCGC-GGCTCTGA_L003	chicken
ERR1298533	Jline_Cerebellum_TAATGCGC-GGCTCTGA_L004	chicken
ERR1298534	Jline_Cerebellum_TAATGCGC-GGCTCTGA_L005	chicken
ERR1298535	Jline_Cerebellum_TAATGCGC-GGCTCTGA_L006	chicken
ERR1298536	Jline_Cerebellum_TAATGCGC-GGCTCTGA_L007	chicken
ERR1298537	Jline_Cerebellum_TAATGCGC-GGCTCTGA_L008	chicken
ERR1298538	Jline_Duodenum_CGGCTATG-GGCTCTGA_L001	chicken
ERR1298539	Jline_Duodenum_CGGCTATG-GGCTCTGA_L002	chicken
ERR1298540	Jline_Duodenum_CGGCTATG-GGCTCTGA_L003	chicken
ERR1298541	Jline_Duodenum_CGGCTATG-GGCTCTGA_L004	chicken
ERR1298542	Jline_Duodenum_CGGCTATG-GGCTCTGA_L005	chicken
ERR1298543	Jline_Duodenum_CGGCTATG-GGCTCTGA_L006	chicken
ERR1298544	Jline_Duodenum_CGGCTATG-GGCTCTGA_L007	chicken
ERR1298545	Jline_Duodenum_CGGCTATG-GGCTCTGA_L008	chicken
ERR1298546	Jline_Gizzard_Fat_TCCGCGAA-GGCTCTGA_L001	chicken
ERR1298547	Jline_Gizzard_Fat_TCCGCGAA-GGCTCTGA_L002	chicken
ERR1298548	Jline_Gizzard_Fat_TCCGCGAA-GGCTCTGA_L003	chicken
ERR1298549	Jline_Gizzard_Fat_TCCGCGAA-GGCTCTGA_L004	chicken
ERR1298550	Jline_Gizzard_Fat_TCCGCGAA-GGCTCTGA_L005	chicken
ERR1298551	Jline_Gizzard_Fat_TCCGCGAA-GGCTCTGA_L006	chicken
ERR1298552	Jline_Gizzard_Fat_TCCGCGAA-GGCTCTGA_L007	chicken
ERR1298553	Jline_Gizzard_Fat_TCCGCGAA-GGCTCTGA_L008	chicken
ERR1298554	Jline_Harderian_Gland_TCTCGCGC-GGCTCTGA_L001	chicken
ERR1298555	Jline_Harderian_Gland_TCTCGCGC-GGCTCTGA_L002	chicken
ERR1298556	Jline_Harderian_Gland_TCTCGCGC-GGCTCTGA_L003	chicken
ERR1298557	Jline_Harderian_Gland_TCTCGCGC-GGCTCTGA_L004	chicken
ERR1298558	Jline_Harderian_Gland_TCTCGCGC-GGCTCTGA_L005	chicken
ERR1298559	Jline_Harderian_Gland_TCTCGCGC-GGCTCTGA_L006	chicken
ERR1298560	Jline_Harderian_Gland_TCTCGCGC-GGCTCTGA_L007	chicken
ERR1298561	Jline_Harderian_Gland_TCTCGCGC-GGCTCTGA_L008	chicken
ERR1298562	Jline_Heart_Muscle_AGCGATAG-GGCTCTGA_L001	chicken
ERR1298563	Jline_Heart_Muscle_AGCGATAG-GGCTCTGA_L002	chicken
ERR1298564	Jline_Heart_Muscle_AGCGATAG-GGCTCTGA_L003	chicken
ERR1298565	Jline_Heart_Muscle_AGCGATAG-GGCTCTGA_L004	chicken
ERR1298566	Jline_Heart_Muscle_AGCGATAG-GGCTCTGA_L005	chicken
ERR1298567	Jline_Heart_Muscle_AGCGATAG-GGCTCTGA_L006	chicken
ERR1298568	Jline_Heart_Muscle_AGCGATAG-GGCTCTGA_L007	chicken
ERR1298569	Jline_Heart_Muscle_AGCGATAG-GGCTCTGA_L008	chicken
ERR1298570	Jline_Ileum_ATTACTCG-AGGCGAAG_L001	chicken
ERR1298571	Jline_Ileum_ATTACTCG-AGGCGAAG_L002	chicken
ERR1298572	Jline_Ileum_ATTACTCG-AGGCGAAG_L003	chicken
ERR1298573	Jline_Ileum_ATTACTCG-AGGCGAAG_L004	chicken
ERR1298574	Jline_Ileum_ATTACTCG-AGGCGAAG_L005	chicken
ERR1298575	Jline_Ileum_ATTACTCG-AGGCGAAG_L006	chicken
ERR1298576	Jline_Ileum_ATTACTCG-AGGCGAAG_L007	chicken
ERR1298577	Jline_Ileum_ATTACTCG-AGGCGAAG_L008	chicken
ERR1298578	Jline_Kidney_TCCGGAGA-AGGCGAAG_L001	chicken
ERR1298579	Jline_Kidney_TCCGGAGA-AGGCGAAG_L002	chicken
ERR1298580	Jline_Kidney_TCCGGAGA-AGGCGAAG_L003	chicken
ERR1298581	Jline_Kidney_TCCGGAGA-AGGCGAAG_L004	chicken
ERR1298582	Jline_Kidney_TCCGGAGA-AGGCGAAG_L005	chicken
ERR1298583	Jline_Kidney_TCCGGAGA-AGGCGAAG_L006	chicken
ERR1298584	Jline_Kidney_TCCGGAGA-AGGCGAAG_L007	chicken
ERR1298585	Jline_Kidney_TCCGGAGA-AGGCGAAG_L008	chicken
ERR1298586	Jline_Left_Optic_Lobe_CGCTCATT-AGGCGAAG_L001	chicken
ERR1298587	Jline_Left_Optic_Lobe_CGCTCATT-AGGCGAAG_L002	chicken
ERR1298588	Jline_Left_Optic_Lobe_CGCTCATT-AGGCGAAG_L003	chicken
ERR1298589	Jline_Left_Optic_Lobe_CGCTCATT-AGGCGAAG_L004	chicken
ERR1298590	Jline_Left_Optic_Lobe_CGCTCATT-AGGCGAAG_L005	chicken
ERR1298591	Jline_Left_Optic_Lobe_CGCTCATT-AGGCGAAG_L006	chicken
ERR1298592	Jline_Left_Optic_Lobe_CGCTCATT-AGGCGAAG_L007	chicken
ERR1298593	Jline_Left_Optic_Lobe_CGCTCATT-AGGCGAAG_L008	chicken
ERR1298594	Jline_Liver_GAGATTCC-AGGCGAAG_L001	chicken
ERR1298595	Jline_Liver_GAGATTCC-AGGCGAAG_L002	chicken
ERR1298596	Jline_Liver_GAGATTCC-AGGCGAAG_L003	chicken
ERR1298597	Jline_Liver_GAGATTCC-AGGCGAAG_L004	chicken
ERR1298598	Jline_Liver_GAGATTCC-AGGCGAAG_L005	chicken
ERR1298599	Jline_Liver_GAGATTCC-AGGCGAAG_L006	chicken
ERR1298600	Jline_Liver_GAGATTCC-AGGCGAAG_L007	chicken
ERR1298601	Jline_Liver_GAGATTCC-AGGCGAAG_L008	chicken
ERR1298602	Jline_Lung_ATTCAGAA-AGGCGAAG_L001	chicken
ERR1298603	Jline_Lung_ATTCAGAA-AGGCGAAG_L002	chicken
ERR1298604	Jline_Lung_ATTCAGAA-AGGCGAAG_L003	chicken
ERR1298605	Jline_Lung_ATTCAGAA-AGGCGAAG_L004	chicken
ERR1298606	Jline_Lung_ATTCAGAA-AGGCGAAG_L005	chicken
ERR1298607	Jline_Lung_ATTCAGAA-AGGCGAAG_L006	chicken
ERR1298608	Jline_Lung_ATTCAGAA-AGGCGAAG_L007	chicken
ERR1298609	Jline_Lung_ATTCAGAA-AGGCGAAG_L008	chicken
ERR1298610	Jline_Ovary_GAATTCGT-AGGCGAAG_L001	chicken
ERR1298611	Jline_Ovary_GAATTCGT-AGGCGAAG_L002	chicken
ERR1298612	Jline_Ovary_GAATTCGT-AGGCGAAG_L003	chicken
ERR1298613	Jline_Ovary_GAATTCGT-AGGCGAAG_L004	chicken
ERR1298614	Jline_Ovary_GAATTCGT-AGGCGAAG_L005	chicken
ERR1298615	Jline_Ovary_GAATTCGT-AGGCGAAG_L006	chicken
ERR1298616	Jline_Ovary_GAATTCGT-AGGCGAAG_L007	chicken
ERR1298617	Jline_Ovary_GAATTCGT-AGGCGAAG_L008	chicken
ERR1298618	Jline_Pancreas_CTGAAGCT-AGGCGAAG_L001	chicken
ERR1298619	Jline_Pancreas_CTGAAGCT-AGGCGAAG_L002	chicken
ERR1298620	Jline_Pancreas_CTGAAGCT-AGGCGAAG_L003	chicken
ERR1298621	Jline_Pancreas_CTGAAGCT-AGGCGAAG_L004	chicken
ERR1298622	Jline_Pancreas_CTGAAGCT-AGGCGAAG_L005	chicken
ERR1298623	Jline_Pancreas_CTGAAGCT-AGGCGAAG_L006	chicken
ERR1298624	Jline_Pancreas_CTGAAGCT-AGGCGAAG_L007	chicken
ERR1298625	Jline_Pancreas_CTGAAGCT-AGGCGAAG_L008	chicken
ERR1298626	Jline_Proventriculus_TAATGCGC-AGGCGAAG_L001	chicken
ERR1298627	Jline_Proventriculus_TAATGCGC-AGGCGAAG_L002	chicken
ERR1298628	Jline_Proventriculus_TAATGCGC-AGGCGAAG_L003	chicken
ERR1298629	Jline_Proventriculus_TAATGCGC-AGGCGAAG_L004	chicken
ERR1298630	Jline_Proventriculus_TAATGCGC-AGGCGAAG_L005	chicken
ERR1298631	Jline_Proventriculus_TAATGCGC-AGGCGAAG_L006	chicken
ERR1298632	Jline_Proventriculus_TAATGCGC-AGGCGAAG_L007	chicken
ERR1298633	Jline_Proventriculus_TAATGCGC-AGGCGAAG_L008	chicken
ERR1298634	Jline_Skin_CGGCTATG-AGGCGAAG_L001	chicken
ERR1298635	Jline_Skin_CGGCTATG-AGGCGAAG_L002	chicken
ERR1298636	Jline_Skin_CGGCTATG-AGGCGAAG_L003	chicken
ERR1298637	Jline_Skin_CGGCTATG-AGGCGAAG_L004	chicken
ERR1298638	Jline_Skin_CGGCTATG-AGGCGAAG_L005	chicken
ERR1298639	Jline_Skin_CGGCTATG-AGGCGAAG_L006	chicken
ERR1298640	Jline_Skin_CGGCTATG-AGGCGAAG_L007	chicken
ERR1298641	Jline_Skin_CGGCTATG-AGGCGAAG_L008	chicken
ERR1298642	Jline_Spleen_TCCGCGAA-AGGCGAAG_L001	chicken
ERR1298643	Jline_Spleen_TCCGCGAA-AGGCGAAG_L002	chicken
ERR1298644	Jline_Spleen_TCCGCGAA-AGGCGAAG_L003	chicken
ERR1298645	Jline_Spleen_TCCGCGAA-AGGCGAAG_L004	chicken
ERR1298646	Jline_Spleen_TCCGCGAA-AGGCGAAG_L005	chicken
ERR1298647	Jline_Spleen_TCCGCGAA-AGGCGAAG_L006	chicken
ERR1298648	Jline_Spleen_TCCGCGAA-AGGCGAAG_L007	chicken
ERR1298649	Jline_Spleen_TCCGCGAA-AGGCGAAG_L008	chicken
ERR1298650	Jline_Thymus_TCTCGCGC-AGGCGAAG_L001	chicken
ERR1298651	Jline_Thymus_TCTCGCGC-AGGCGAAG_L002	chicken
ERR1298652	Jline_Thymus_TCTCGCGC-AGGCGAAG_L003	chicken
ERR1298653	Jline_Thymus_TCTCGCGC-AGGCGAAG_L004	chicken
ERR1298654	Jline_Thymus_TCTCGCGC-AGGCGAAG_L005	chicken
ERR1298655	Jline_Thymus_TCTCGCGC-AGGCGAAG_L006	chicken
ERR1298656	Jline_Thymus_TCTCGCGC-AGGCGAAG_L007	chicken
ERR1298657	Jline_Thymus_TCTCGCGC-AGGCGAAG_L008	chicken
ERR1298658	Jline_Thyroid_AGCGATAG-AGGCGAAG_L001	chicken
ERR1298659	Jline_Thyroid_AGCGATAG-AGGCGAAG_L002	chicken
ERR1298660	Jline_Thyroid_AGCGATAG-AGGCGAAG_L003	chicken
ERR1298661	Jline_Thyroid_AGCGATAG-AGGCGAAG_L004	chicken
ERR1298662	Jline_Thyroid_AGCGATAG-AGGCGAAG_L005	chicken
ERR1298663	Jline_Thyroid_AGCGATAG-AGGCGAAG_L006	chicken
ERR1298664	Jline_Thyroid_AGCGATAG-AGGCGAAG_L007	chicken
ERR1298665	Jline_Thyroid_AGCGATAG-AGGCGAAG_L008	chicken
ERR1298666	Jline_Trachea_CGGCTATG-TAATCTTA_L001	chicken
ERR1298667	Jline_Trachea_CGGCTATG-TAATCTTA_L002	chicken
ERR1298668	Jline_Trachea_CGGCTATG-TAATCTTA_L003	chicken
ERR1298669	Jline_Trachea_CGGCTATG-TAATCTTA_L004	chicken
ERR1298670	Jline_Trachea_CGGCTATG-TAATCTTA_L005	chicken
ERR1298671	Jline_Trachea_CGGCTATG-TAATCTTA_L006	chicken
ERR1298672	Jline_Trachea_CGGCTATG-TAATCTTA_L007	chicken
ERR1298673	Jline_Trachea_CGGCTATG-TAATCTTA_L008	chicken
SRR5190510	kidney	chicken
SRR5190511	kidney	chicken
SRR5190512	kidney	chicken
SRR5190495	liver	chicken
SRR5190496	spleen	chicken
SRR5190497	liver	chicken
SRR5190498	spleen	chicken
SRR5190499	liver	chicken
SRR5190500	spleen	chicken
SRR5190501	kidney	chicken
SRR5190502	kidney	chicken
SRR5190503	kidney	chicken
SRR5190471	liver	chicken
SRR5190472	spleen	chicken
SRR5190473	liver	chicken
SRR5190474	spleen	chicken
SRR5190475	liver	chicken
SRR5190476	spleen	chicken
SRR5190432	muscle	chicken
SRR5190433	heart	chicken
SRR5190434	lung	chicken
SRR5190435	muscle	chicken
SRR5190436	heart	chicken
SRR5190437	lung	chicken
SRR5190438	muscle	chicken
SRR5190439	heart	chicken
SRR5190440	lung	chicken
SRR5190399	muscle	chicken
SRR5190400	heart	chicken
SRR5190401	lung	chicken
SRR5190402	muscle	chicken
SRR5190403	heart	chicken
SRR5190404	lung	chicken
SRR5190405	muscle	chicken
SRR5190406	heart	chicken
SRR5190407	lung	chicken
ERR2664214	liver	chicken
ERR2664215	liver	chicken
ERR2664216	liver	chicken
ERR2664217	liver	chicken
ERR2664180	liver	chicken
ERR2664197	liver	chicken
ERR2664198	liver	chicken
ERR2181961	adrenal gland	goat
ERR2181962	adrenal gland	goat
ERR2181963	adrenal gland	goat
ERR2181964	adrenal gland	goat
ERR2181965	colon	goat
ERR2181966	colon	goat
ERR2181967	colon	goat
ERR2181968	colon	goat
ERR2181969	ileum	goat
ERR2181970	ileum	goat
ERR2181971	ileum	goat
ERR2181972	ileum	goat
ERR2181973	kidney	goat
ERR2181974	kidney	goat
ERR2181975	kidney	goat
ERR2181976	kidney	goat
ERR2181977	liver	goat
ERR2181978	liver	goat
ERR2181979	liver	goat
ERR2181980	liver	goat
ERR2181981	skin	goat
ERR2181982	skin	goat
ERR2181983	skin	goat
ERR2181984	skin	goat
ERR2181985	skeletal muscle longissimus dorsi	goat
ERR2181986	skeletal muscle longissimus dorsi	goat
ERR2181987	skeletal muscle longissimus dorsi	goat
ERR2181988	skeletal muscle longissimus dorsi	goat
ERR2181989	spleen	goat
ERR2181990	spleen	goat
ERR2181991	spleen	goat
ERR2181992	spleen	goat
ERR2181993	testis	goat
ERR2181994	testis	goat
ERR2181995	testis	goat
ERR2181996	testis	goat
ERR2181997	thymus	goat
ERR2181998	thymus	goat
ERR2181999	thymus	goat
ERR2182000	thymus	goat
ERR2182001	adrenal gland	goat
ERR2182002	adrenal gland	goat
ERR2182003	adrenal gland	goat
ERR2182004	adrenal gland	goat
ERR2182005	colon	goat
ERR2182006	colon	goat
ERR2182007	colon	goat
ERR2182008	colon	goat
ERR2182009	ileum	goat
ERR2182010	ileum	goat
ERR2182011	ileum	goat
ERR2182012	ileum	goat
ERR2182013	kidney	goat
ERR2182014	kidney	goat
ERR2182015	kidney	goat
ERR2182016	kidney	goat
ERR2182017	liver	goat
ERR2182018	liver	goat
ERR2182019	liver	goat
ERR2182020	liver	goat
ERR2182021	skin	goat
ERR2182022	skin	goat
ERR2182023	skin	goat
ERR2182024	skin	goat
ERR2182025	skeletal muscle longissimus dorsi	goat
ERR2182026	skeletal muscle longissimus dorsi	goat
ERR2182027	skeletal muscle longissimus dorsi	goat
ERR2182028	skeletal muscle longissimus dorsi	goat
ERR2182029	spleen	goat
ERR2182030	spleen	goat
ERR2182031	spleen	goat
ERR2182032	spleen	goat
ERR2182033	testis	goat
ERR2182034	testis	goat
ERR2182035	testis	goat
ERR2182036	testis	goat
ERR2182037	thymus	goat
ERR2182038	thymus	goat
ERR2182039	thymus	goat
ERR2182040	thymus	goat
ERR2182041	adrenal gland	goat
ERR2182042	adrenal gland	goat
ERR2182043	adrenal gland	goat
ERR2182044	adrenal gland	goat
ERR2182045	colon	goat
ERR2182046	colon	goat
ERR2182047	colon	goat
ERR2182048	colon	goat
ERR2182049	kidney	goat
ERR2182050	kidney	goat
ERR2182051	kidney	goat
ERR2182052	kidney	goat
ERR2182053	liver	goat
ERR2182054	liver	goat
ERR2182055	liver	goat
ERR2182056	liver	goat
ERR2182057	rumen	goat
ERR2182058	rumen	goat
ERR2182059	rumen	goat
ERR2182060	rumen	goat
ERR2182061	skin	goat
ERR2182062	skin	goat
ERR2182063	skin	goat
ERR2182064	skin	goat
ERR2182065	testis	goat
ERR2182066	testis	goat
ERR2182067	testis	goat
ERR2182068	testis	goat
ERR2182069	thymus	goat
ERR2182070	thymus	goat
ERR2182071	thymus	goat
ERR2182072	thymus	goat
ERR2182073	adrenal gland	goat
ERR2182074	adrenal gland	goat
ERR2182075	adrenal gland	goat
ERR2182076	adrenal gland	goat
ERR2182077	colon	goat
ERR2182078	colon	goat
ERR2182079	colon	goat
ERR2182080	colon	goat
ERR2182081	kidney	goat
ERR2182082	kidney	goat
ERR2182083	kidney	goat
ERR2182084	kidney	goat
ERR2182085	liver	goat
ERR2182086	liver	goat
ERR2182087	liver	goat
ERR2182088	liver	goat
ERR2182089	rumen	goat
ERR2182090	rumen	goat
ERR2182091	rumen	goat
ERR2182092	rumen	goat
ERR2182093	skin	goat
ERR2182094	skin	goat
ERR2182095	skin	goat
ERR2182096	skin	goat
ERR2182097	skeletal muscle longissimus dorsi	goat
ERR2182098	skeletal muscle longissimus dorsi	goat
ERR2182099	skeletal muscle longissimus dorsi	goat
ERR2182100	skeletal muscle longissimus dorsi	goat
ERR2182101	spleen	goat
ERR2182102	spleen	goat
ERR2182103	spleen	goat
ERR2182104	spleen	goat
ERR2182105	testis	goat
ERR2182106	testis	goat
ERR2182107	testis	goat
ERR2182108	testis	goat
ERR2182109	thymus	goat
ERR2182110	thymus	goat
ERR2182111	thymus	goat
ERR2182112	thymus	goat
ERR2182113	bone marrow macrophage	goat
ERR2182114	bone marrow macrophage	goat
ERR2182115	bone marrow macrophage	goat
ERR2182116	bone marrow macrophage	goat
ERR2182117	bone marrow macrophage	goat
ERR2182118	bone marrow macrophage	goat
ERR2182119	alveolar macrophages	goat
ERR2182120	cerebellum	goat
ERR2182121	cortex (frontal lobe)	goat
ERR2182122	alveolar macrophages	goat
ERR2182123	cerebellum	goat
ERR2182124	cortex (frontal lobe)	goat
ERR2182125	fallopian tube	goat
ERR2182126	ovary	goat
ERR2182127	uterus	goat
ERR2182128	uterine horn	goat
ERR2664190	liver	goat
ERR2664192	liver	goat
ERR2664194	liver	goat
ERR2664196	liver	goat
ERR2664203	liver	goat
ERR2664204	liver	goat
ERR2664205	liver	goat
ERR2664206	liver	goat
ERR2664207	liver	goat
ERR2664208	liver	goat
ERR2664209	liver	goat
ERR2664210	liver	goat
SRR489493	Bladder	goat
SRR489494	Brain	goat
SRR489495	Heart	goat
SRR489496	Kidney	goat
SRR489497	Liver	goat
SRR489498	Lung	goat
SRR489499	Lymph	goat
SRR489500	Muscle	goat
SRR489501	Ovary	goat
SRR489502	Spleen	goat
SRR489503	Secondary hair folicle	goat
SRR489504	Secondary hair folicle	goat
SRR489505	Secondary hair folicle	goat
SRR489506	Primary hair folicle	goat
SRR489507	Primary hair folicle	goat
SRR489508	Primary hair folicle	goat
SRR609420	skin	goat
SRR609421	skin	goat
SRR609447	skin	goat
SRR609448	skin	goat
SRR1556738	ovary	goat
SRR1917586	Endometrium	goat
SRR1917587	Endometrium	goat
SRR2061360	skin	goat
SRR2061361	skin	goat
SRR2061362	skin	goat
SRR2061363	skin	goat
SRR2061364	skin	goat
SRR2061365	skin	goat
SRR2102015	skin	goat
SRR2102016	skin	goat
SRR2102017	skin	goat
SRR2102018	skin	goat
SRR2102019	skin	goat
SRR2102020	skin	goat
SRR2102021	skin	goat
SRR2102022	skin	goat
SRR2102023	skin	goat
SRR3109720	heart	goat
SRR3109721	heart	goat
SRR3109722	heart	goat
SRR3109723	liver	goat
SRR3109724	liver	goat
SRR3109725	liver	goat
SRR3109726	kidney	goat
SRR3109727	kidney	goat
SRR3109728	kidney	goat
SRR3567144	muscle	goat
SRR3723997	skin	goat
SRR3724003	skin	goat
SRR3724012	skin	goat
SRR3744679	hair follicle	goat
SRR3744681	hair follicle	goat
SRR3744683	hair follicle	goat
SRR3744684	hair follicle	goat
SRR3744685	hair follicle	goat
SRR3744686	hair follicle	goat
SRR3879744	hypothalamus	goat
SRR3879745	hypothalamus	goat
SRR3879746	hypothalamus	goat
SRR3879747	hypothalamus	goat
SRR3879748	hypothalamus	goat
SRR3879749	hypothalamus	goat
SRR4407717	ovary	goat
SRR4407718	ovary	goat
SRR4407719	ovary	goat
SRR4407720	ovary	goat
SRR4407721	ovary	goat
SRR4407722	ovary	goat
SRR4417844	ovary	goat
SRR4417845	ovary	goat
SRR4417846	ovary	goat
SRR4417847	ovary	goat
SRR4417848	ovary	goat
SRR4417849	ovary	goat
SRR5000324	Hypothalamus	goat
SRR5000325	Hypothalamus	goat
SRR5000326	Hypothalamus	goat
SRR5000327	Hypothalamus	goat
SRR5000328	Hypothalamus	goat
SRR5000329	Hypothalamus	goat
SRR5000330	Hypothalamus	goat
SRR5000331	Hypothalamus	goat
SRR5000334	Hypothalamus	goat
SRR5000335	Hypothalamus	goat
SRR5000336	Hypothalamus	goat
SRR5000337	ovary	goat
SRR5000338	ovary	goat
SRR5000339	ovary	goat
SRR5000340	ovary	goat
SRR5000341	ovary	goat
SRR5000342	ovary	goat
SRR5000343	ovary	goat
SRR5000344	ovary	goat
SRR5000345	ovary	goat
SRR5000346	ovary	goat
SRR5000347	ovary	goat
SRR5000352	ovary	goat
SRR5000353	ovary	goat
SRR5000354	ovary	goat
SRR5177974	mammary gland	goat
SRR5178003	mammary gland	goat
SRR5178052	mammary gland	goat
SRR5178053	mammary gland	goat
SRR5178065	mammary gland	goat
SRR5178106	mammary gland	goat
SRR5242459	mammary gland	goat
SRR5259114	mammary gland	goat
SRR5259115	mammary gland	goat
SRR5259117	mammary gland	goat
SRR5259118	mammary gland	goat
SRR5259155	mammary gland	goat
SRR5259157	mammary gland	goat
SRR5190441	kidney	goat
SRR5190442	kidney	goat
SRR5190443	kidney	goat
SRR5190453	liver	goat
SRR5190454	spleen	goat
SRR5190455	liver	goat
SRR5190456	spleen	goat
SRR5190457	liver	goat
SRR5190458	spleen	goat
SRR5190483	spleen	goat
SRR5190484	spleen	goat
SRR5190485	spleen	goat
SRR5383902	blood mononuclear cells	goat
SRR5383903	blood mononuclear cells	goat
SRR5383904	blood mononuclear cells	goat
SRR5383905	blood mononuclear cells	goat
SRR5383906	blood mononuclear cells	goat
SRR5383907	blood mononuclear cells	goat
SRR5383908	blood mononuclear cells	goat
SRR5383909	blood mononuclear cells	goat
SRR5383910	blood mononuclear cells	goat
SRR5383911	blood mononuclear cells	goat
SRR5383912	blood mononuclear cells	goat
SRR5383913	blood mononuclear cells	goat
SRR5383914	blood mononuclear cells	goat
SRR5383915	blood mononuclear cells	goat
SRR5383916	blood mononuclear cells	goat
SRR5383917	blood mononuclear cells	goat
SRR5448724	hair follicles	goat
SRR5448725	hair follicles	goat
SRR5448726	hair follicles	goat
SRR5448728	hair follicles	goat
SRR5448729	hair follicles	goat
SRR5448730	hair follicles	goat
SRR5448731	hair follicles	goat
SRR5448732	hair follicles	goat
SRR5448733	hair follicles	goat
SRR5448734	hair follicles	goat
SRR5448735	hair follicles	goat
SRR5448736	hair follicles	goat
SRR5448737	hair follicles	goat
SRR5448738	hair follicles	goat
SRR5506729	rumen epithelium	goat
SRR5506730	rumen epithelium	goat
SRR5506731	rumen epithelium	goat
SRR5506732	rumen epithelium	goat
SRR5506733	rumen epithelium	goat
SRR5506734	rumen epithelium	goat
SRR5506735	rumen epithelium	goat
SRR5506736	rumen epithelium	goat
SRR5506737	rumen epithelium	goat
SRR5969105	rumen epithelium	goat
SRR5969106	rumen epithelium	goat
SRR5969108	rumen epithelium	goat
SRR5969109	rumen epithelium	goat
SRR5969111	rumen epithelium	goat
SRR5969112	rumen epithelium	goat
SRR5969113	rumen epithelium	goat
SRR5969114	rumen epithelium	goat
SRR5969124	rumen epithelium	goat
SRR5969127	rumen epithelium	goat
SRR5969128	rumen epithelium	goat
SRR5969129	rumen epithelium	goat
SRR5969130	rumen epithelium	goat
SRR5969131	rumen epithelium	goat
SRR5969132	rumen epithelium	goat
SRR7151384	skin	goat
SRR7151385	skin	goat
SRR7151386	skin	goat
SRR7151387	skin	goat
SRR7151388	skin	goat
SRR7151389	skin	goat
SRR7151390	skin	goat
SRR7151391	skin	goat
SRR7151392	skin	goat
SRR7151393	skin	goat
SRR7151394	skin	goat
SRR7151395	skin	goat
SRR7151396	skin	goat
SRR7151397	skin	goat
SRR7151398	skin	goat
SRR7151399	skin	goat
SRR7151400	skin	goat
SRR7151401	skin	goat
SRR7151402	skin	goat
SRR7151403	skin	goat
SRR7151404	skin	goat
SRR7151405	skin	goat
SRR7151406	skin	goat
SRR7151407	skin	goat
SRR7151408	skin	goat
SRR7151409	skin	goat
SRR7151410	skin	goat
SRR7151411	skin	goat
SRR7151412	skin	goat
SRR7151413	skin	goat
SRR7151414	skin	goat
SRR7151415	skin	goat
SRR7151416	skin	goat
SRR7151417	skin	goat
SRR7151418	skin	goat
SRR7151419	skin	goat
SRR7403258	skin	goat
SRR7403259	skin	goat
SRR7403260	skin	goat
SRR7403261	skin	goat
SRR7403262	skin	goat
SRR7403263	skin	goat
SRR7196721	hypothalamus	goat
SRR7196723	hypothalamus	goat
SRR7196724	hypothalamus	goat
SRR7196725	hypothalamus	goat
SRR7196726	hypothalamus	goat
SRR7196727	hypothalamus	goat
